INSERT INTO DEPORTE(ID_DEPORTE, NOMBRE_DEPORTE, ESTADO) VALUES (1, 'FUTBOL', 1);
INSERT INTO DEPORTE(ID_DEPORTE, NOMBRE_DEPORTE, ESTADO) VALUES (2, 'NATACION', 1);

INSERT INTO REGION(ID_REGION, NOMBRE_REGION, ESTADO) VALUES (1, 'REGION METROPOLITANA', 1);
INSERT INTO COMUNA(ID_COMUNA, NOMBRE_COMUNA, ESTADO, ID_REGION) VALUES (1, 'RECOLETA', 1, 1);
INSERT INTO DIRECCION(ID_DIRECCION, CALLE, NUMERO, REFERENCIA, ESTADO, ID_COMUNA) VALUES (1, 'AVDA EL SALTO','5421','',1,1);
INSERT INTO ESCUELA_DEPORTIVA(ID_ESCUELA, NOMBRE_ESCUELA, ESTADO) VALUES(escuela_deportiva_id_escuela.nextval,'FUTBOL EL SALTO', 1);
INSERT INTO SEDE(ID_ESCUELA, ID_DIRECCION, ES_PRINCIPAL, PROPIO_ARRIENDO, COSTO_ADQUISION, COSTO_ARRIENDO_MENSUAL) VALUES (1, 1, 'S', 'A', 0, 300000);
INSERT INTO DEPORTES_ESCUELA(ID_ESCUELA, ID_DEPORTE, ESTADO) VALUES (1, 1, 1);
INSERT INTO DEPORTES_ESCUELA(ID_ESCUELA, ID_DEPORTE, ESTADO) VALUES (1, 2, 1);

INSERT INTO PROFESION(ID_PROFESION, NOMBRE_PROFESION, ESTADO) VALUES (1, 'EDUCACION FISICA', 1);
INSERT INTO PAIS(ID_PAIS, NOMBRE_PAIS, ESTADO) VALUES (1, 'CHILE', 1);
INSERT INTO PERSONA(ID_PERSONA, IDENTIFICADOR_NACIONAL, NOMBRES, APELLIDOS, TELEFONO, EMAIL, ESTADO, ID_PAIS) VALUES (persona_id_persona_seq.nextval, '16802144-5','NATALY DEL PILAR','CHACON BORQUEZ','555666','NATALY@MAIL.COM',1,1);
INSERT INTO PERSONAL(ID_ESCUELA, ID_PERSONA, FECHA_CONTRATACION, FECHA_DESVINCULACION, ESTADO) VALUES (1, 1, TO_DATE('2024-01-01'), NULL, 1);
INSERT INTO REMUNERACIONES(ID_ESCUELA, ID_PERSONA, AGNO, MES, SUELDO_PAGADO) VALUES (1, 1, 2024, 9, 1200000);
INSERT INTO REMUNERACIONES(ID_ESCUELA, ID_PERSONA, AGNO, MES, SUELDO_PAGADO) VALUES (1, 1, 2024, 8, 1000000);
INSERT INTO REMUNERACIONES(ID_ESCUELA, ID_PERSONA, AGNO, MES, SUELDO_PAGADO) VALUES (1, 1, 2024, 7, 1000000);

INSERT INTO TIPO_EQUIPAMIENTO(ID_TIPO_EQUIPAMIENTO, NOMBRE_TIPO_EQUIPAMIENTO, ESTADO) VALUES (1, 'CANCHA FUTBOL', 1);
INSERT INTO TIPO_EQUIPAMIENTO(ID_TIPO_EQUIPAMIENTO, NOMBRE_TIPO_EQUIPAMIENTO, ESTADO) VALUES (2, 'PISCINA', 1);

INSERT INTO TIPO_INSUMO(ID_TIPO_INSUMO, NOMBRE_TIPO_INSUMO, ESTADO) VALUES (1, 'ILUMINACION CANCHA', 1);
INSERT INTO TIPO_INSUMO(ID_TIPO_INSUMO, NOMBRE_TIPO_INSUMO, ESTADO) VALUES (2, 'CLORO PISCINA', 1);

INSERT INTO INSUMO_TIPO_EQUIPAMIENTO(ID_TIPO_EQUIPAMIENTO, ID_TIPO_INSUMO, ESTADO) VALUES (1, 1, 1);
INSERT INTO INSUMO_TIPO_EQUIPAMIENTO(ID_TIPO_EQUIPAMIENTO, ID_TIPO_INSUMO, ESTADO) VALUES (2, 2, 1);

INSERT INTO EQUIPAMIENTO(ID_EQUIPAMIENTO, MARCA, MODELO, FECHA_ADQUISICION, FECHA_ELIMINACION, ESTADO, COSTO_ADQUISION, ID_TIPO_EQUIPAMIENTO, ID_ESCUELA, NUMERO_SERIE) VALUES (equipamiento_id_equipamiento.nextval, 'PROFESIONAL','JUVENIL', TO_DATE('2024-01-01'), NULL, 1, 50000000, 1, 1, 'N/A');
INSERT INTO EQUIPAMIENTO(ID_EQUIPAMIENTO, MARCA, MODELO, FECHA_ADQUISICION, FECHA_ELIMINACION, ESTADO, COSTO_ADQUISION, ID_TIPO_EQUIPAMIENTO, ID_ESCUELA, NUMERO_SERIE) VALUES (equipamiento_id_equipamiento.nextval, 'PISCINA','OLIMPICA', TO_DATE('2024-01-01'), NULL, 1, 50000000, 2, 1, 'N/A');

INSERT INTO INSUMO(ID_INSUMO, MARCA, MODELO, FECHA_ADQUISION , COSTO_ADQUISION , ESTADO, ID_EQUIPAMIENTO, ID_TIPO_INSUMO, NUMERO_SERIE) VALUES (insumo_id_insumo_seq.nextval, 'SUPER LUZ','BLANCA',TO_DATE('2024-05-01'),1000000, 1, 1, 1, 'N/A');
INSERT INTO INSUMO(ID_INSUMO, MARCA, MODELO, FECHA_ADQUISION, COSTO_ADQUISION, ESTADO, ID_EQUIPAMIENTO, ID_TIPO_INSUMO, NUMERO_SERIE) VALUES (insumo_id_insumo_seq.nextval, 'CLORO','CLORINDA',TO_DATE('2024-06-01'),20000, 1, 2, 2, 'N/A');